id,name,hindiName,category,description,sizes,image
peda-keshuji-special,Peda (Keshuji Signature),पेड़ा,Signature Heritage,Traditional slow-cooked caramelized mawa fudge spiced with fragrant green cardamom and saffron.,250g | 500g | 1kg,peda-keshuji-special.jpg
moong-ki-barfi,Moong Dal Barfi,मूंग की बर्फी,Signature Heritage,"Rich slow-roasted yellow lentil fudge prepared with pure desi ghee, khoya, and crunchy slivered nuts.",250g | 500g | 1kg,moong-ki-barfi.jpg
rabri-ghevar,Rabdi Ghevar,रबड़ी घेवर,Signature Heritage & Ghevar,Iconic golden honeycomb ghevar topped with rich saffron-infused reduced milk rabdi and pistachios.,Piece | 500g | 1kg,rabri-ghevar.jpg
plain-ghevar,Plain / Mitha Ghevar,सादा घेवर,Signature Heritage & Ghevar,"Crisp, porous Rajasthani honeycomb delicacy gently soaked in aromatic saffron-cardamom syrup.",Piece | 500g | 1kg,plain-ghevar-1.jpg
kalakand,Kalakand,कलाकन्द,Signature Heritage,Classic granular soft milk cake made from pure slow-simmered whole milk and fresh paneer.,250g | 500g | 1kg,kalakand.jpg
milk-cake,Alwar Milk Cake,मिल्क केक,Signature Heritage,Two-toned caramelized dense milk confection with an authentic roasted granular texture.,250g | 500g | 1kg,
rasmalai,Rasmalai,रस मलाई,Royal Bengali & Milk Delicacies,Velvety cottage cheese discs steeped in chilled saffron and pistachio-infused thickened milk.,2 Pcs | 4 Pcs | Bulk Pack,rasmalai.jpg
gupchup,Sweet Gupchup,गुपचुप,Royal Bengali & Milk Delicacies,Bite-sized artisanal soft chhena pockets steeped in a light cardamom-perfumed sugar nectar.,250g | 500g | 1kg,
rasmadhuri,Rasmadhuri,रस्माधुरी,Royal Bengali & Milk Delicacies,Artisanal stuffed chhena dessert layered with rich mawa and dry fruit filling in sweet saffron milk.,2 Pcs | 4 Pcs | Bulk Pack,
malai-chamcham,Malai Cham Cham,मलाई चमचम,Royal Bengali & Milk Delicacies,Elongated delicate chhena sweet slit and lavishly filled with clotted malai cream and nuts.,250g | 500g | 1kg,
chhena-roll,Chhena Roll,छूना रोल,Royal Bengali & Milk Delicacies,Silky fresh cottage cheese sheet rolled around an aromatic core of sweetened mawa and pistachios.,250g | 500g | 1kg,
chhena-toast,Chhena Toast,छूना टोस्ट,Royal Bengali & Milk Delicacies,Golden caramelized rectangular chhena slice crowned with rich mawa cream and saffron.,250g | 500g | 1kg,
rasgulla,Rasgulla,रसगुल्ला,Royal Bengali & Milk Delicacies,"Pure, snow-white spongy cottage cheese spheres poached in clear rose-cardamom syrup.",250g | 500g | 1kg | Tin,
malai-tikkiya,Malai Tikiya,मलाई टिकिया,Royal Bengali & Milk Delicacies,Tender flattened chhena patties immersed in thick clotted cream and fragrant saffron milk.,250g | 500g | 1kg,
chamcham,Cham Cham,चमचम,Royal Bengali & Milk Delicacies,Traditional Bengali poached chhena confection coated with dry fruit and desiccated coconut.,250g | 500g | 1kg,chamcham.jpg
kesar-bati,Kesar Bati,केसर बाटी,Royal Bengali & Milk Delicacies,Saffron-tinged golden chhena dumplings filled with dry fruits and soaked in light nectar.,250g | 500g | 1kg,
special-dahi-vada,Special Dahi Vada,स्पेशल दहीवड़ा,Savouries & Chaat,"Melt-in-mouth lentil dumplings soaked in sweet whisked curd, topped with tamarind and mint chutneys.",2 Pcs | Plate | Party Pack,
gulab-halwa-ki-barfi,Gulab Halwa Ki Barfi,गुलाब हलवा की बर्फी,Laddus & Halwa Specialities,Aromatic rose petal infused slow-cooked milk halwa set into delectable fudge squares.,250g | 500g | 1kg,gulab-halwa-ki-barfi.jpg
kaju-katli,Kaju Katli,काजू कतली,Royal Kaju & Dry Fruit,"Signature diamond slices made from the finest grade cashews, finished with edible silver leaf.",250g | 500g | 1kg,kaju-cassata.jpg
badam-katli,Badam Katli,बादाम कतली,Royal Kaju & Dry Fruit,Luxurious almond fudge slices crafted from 100% blanched almonds and pure saffron.,250g | 500g | 1kg,
kaju-anjeer-chakra,Kaju Anjeer Chakra,काजू अंजीर चक्र,Royal Kaju & Dry Fruit,Intricate spiral pinwheel combining rich cashew fudge with organic dried Turkish figs.,250g | 500g | 1kg,kaju-anjeer-chakra.jpg
kaju-pista-roll,Kaju Pista Roll,काजू पिस्ता रोल,Royal Kaju & Dry Fruit,Silky cashew rolls enclosing a vibrant emerald center of finely ground pistachios.,250g | 500g | 1kg,kaju-pista-roll.jpg
kaju-paan,Kaju Paan,काजू पान,Royal Kaju & Dry Fruit,"Artisan betel-leaf folded cashew treat stuffed with gulkand, crunchy nuts, and spices.",250g | 500g | 1kg,kaju-paan.jpg
kaju-bite,Kaju Bite,काजू बाइट,Royal Kaju & Dry Fruit,Crunchy roasted cashew fudge bite packed with assorted toasted nuts and natural flavors.,250g | 500g | 1kg,kaju-bite.jpg
kaju-dry-fruit-barfi,Kaju Dry Fruit Barfi,काजू ड्रायफ्रूट बर्फी,Dry Fruit & Healthy Confections,"Dense, opulent cashew fudge layered with crunchy roasted almonds and pistachios.",250g | 500g | 1kg,kaju-dry-fruit-barfi.jpg
anjeer-barfi,Anjeer Barfi,अंजीर बर्फी,Dry Fruit & Healthy Confections,"Naturally sweet, guilt-free fig confection loaded with chopped cashews and almonds.",250g | 500g | 1kg,anjeer-barfi.jpg
dry-fruit-laddu,Dry Fruit Laddu,ड्रायफ्रूट लड्डू,Dry Fruit & Healthy Confections,"Nutrient-dense power laddus handcrafted with dates, roasted nuts, and edible seeds.",250g | 500g | 1kg,dry-fruit-laddu.jpg
kaju-mix-box-fancy,Royal Kaju Mix Box Fancy,काजू मिक्स बॉक्स फैन्सी,Gift Boxes & Assortments,Exquisite gift box featuring a curated selection of handcrafted cashew and dry fruit delicacies.,500g Box | 1kg Box | Custom Hamper,kaju-mix-box-fancy.jpg
mix-mithai,Mix Mithai Box,मिक्स मिठाई,Gift Boxes & Assortments,Festive assorted box curated with Keshuji's most celebrated traditional and modern sweets.,500g Box | 1kg Box | Family Box,mix-mithai.jpg
kesar-malai-laddu,Kesar Malai Laddu,केसर मलाई लड्डू,Laddus & Halwa Specialities,Melt-in-mouth milk cream spheres infused with saffron strands and crushed cardamom.,250g | 500g | 1kg,kesar-malai-laddu.jpg
motichoor-laddu,Motichoor Laddu,मोतीचूर लड्डू,Laddus & Traditional Ghee Sweets,Fine micro-pearls of gram flour fried in pure desi ghee and bound with fragrant saffron syrup.,250g | 500g | 1kg,motichoor-laddu.jpg
gulab-jamun,Gulab Jamun,गुलाब जामुन,Laddus & Traditional Ghee Sweets,Golden brown fried khoya dumplings simmered gently in rose and cardamom-infused sugar syrup.,250g | 500g | 1kg,
kala-jamun,Kala Jamun,काला जामुन,Laddus & Traditional Ghee Sweets,Deep caramelized crisp outer crust enclosing a soft mawa and dry fruit stuffed core.,250g | 500g | 1kg,
balushahi,Balushahi,बालू शाही,Laddus & Traditional Ghee Sweets,"Flaky, multi-layered golden pastry fried in desi ghee with a glossy crystalline sugar glaze.",250g | 500g | 1kg,
guliya,Shahi Gujiya (Gulia),गुलिया,Laddus & Traditional Ghee Sweets,"Crisp crescent-shaped golden pastry filled with sweetened khoya, roasted nuts, and coconut.",250g | 500g | 1kg,guliya.jpg
besan-barfi,Besan Barfi,बेसन बर्फी,Laddus & Traditional Ghee Sweets,Slow-roasted gram flour fudge prepared in pure cow ghee with cardamom and almond slivers.,250g | 500g | 1kg,
dilkashmar-barfi,Dilkushar Barfi,दिलकशमार बर्फी,Artisanal Barfi & Mawa Sweets,"Royal Rajasthani wedding delicacy combining roasted besan, mawa, crunchy gondh, and ghee.",250g | 500g | 1kg,
doda-barfi,Doda Barfi,डोडा बर्फी,Artisanal Barfi & Mawa Sweets,"Traditional sprouted wheat and milk fudge with a chewy texture, enriched with nuts.",250g | 500g | 1kg,
mawa-roll,Mawa Roll,मावा रोल,Artisanal Barfi & Mawa Sweets,Tender rolled khoya sweet wrapped around a crunchy filling of pistachios and green cardamom.,250g | 500g | 1kg,
coconut-barfi,Coconut Barfi,नारियल बर्फी,Artisanal Barfi & Mawa Sweets,Fresh grated coconut simmered with condensed milk and cardamom into a tender white fudge.,250g | 500g | 1kg,
bombay-barfi,Bombay Barfi (Ice Halwa),बॉम्बे बर्फी,Artisanal Barfi & Mawa Sweets,Wafer-thin translucent sheets of sweet halwa garnished with saffron strands and slivered nuts.,250g | 500g | 1kg,
chocolate-barfi,Chocolate Barfi,चॉकलेट बर्फी,Artisanal Barfi & Mawa Sweets,Modern dual-layer fudge uniting traditional mawa with rich Dutch cocoa chocolate.,250g | 500g | 1kg,
kalakand-barfi,Kalakand Barfi,कलाकन्द बर्फी,Artisanal Barfi & Mawa Sweets,"Firm set slices of rich, slow-simmered granular milk and paneer fudge.",250g | 500g | 1kg,
gajar-ka-halwa,Gajar Ka Halwa,गाजर का हलवा,Seasonal Specialties,"Winter delicacy of slow-simmered red carrots, full-cream milk, mawa, ghee, and roasted cashews.",250g | 500g | 1kg,
